-- MySQL dump 10.13  Distrib 8.0.38, for Win64 (x86_64)
--
-- Host: localhost    Database: nurses
-- ------------------------------------------------------
-- Server version	9.0.1

/*!40101 SET @OLD_CHARACTER_SET_CLIENT=@@CHARACTER_SET_CLIENT */;
/*!40101 SET @OLD_CHARACTER_SET_RESULTS=@@CHARACTER_SET_RESULTS */;
/*!40101 SET @OLD_COLLATION_CONNECTION=@@COLLATION_CONNECTION */;
/*!50503 SET NAMES utf8 */;
/*!40103 SET @OLD_TIME_ZONE=@@TIME_ZONE */;
/*!40103 SET TIME_ZONE='+00:00' */;
/*!40014 SET @OLD_UNIQUE_CHECKS=@@UNIQUE_CHECKS, UNIQUE_CHECKS=0 */;
/*!40014 SET @OLD_FOREIGN_KEY_CHECKS=@@FOREIGN_KEY_CHECKS, FOREIGN_KEY_CHECKS=0 */;
/*!40101 SET @OLD_SQL_MODE=@@SQL_MODE, SQL_MODE='NO_AUTO_VALUE_ON_ZERO' */;
/*!40111 SET @OLD_SQL_NOTES=@@SQL_NOTES, SQL_NOTES=0 */;

--
-- Table structure for table `education_info`
--

DROP TABLE IF EXISTS `education_info`;
/*!40101 SET @saved_cs_client     = @@character_set_client */;
/*!50503 SET character_set_client = utf8mb4 */;
CREATE TABLE `education_info` (
  `_id` varchar(100) NOT NULL,
  `cardiology_hours` int DEFAULT NULL,
  `nephrology_hours` int DEFAULT NULL,
  `transplant_hours` int DEFAULT NULL,
  `respiratory_hours` int DEFAULT NULL,
  `aces` int DEFAULT NULL,
  `bls` int DEFAULT NULL,
  `bls_expiration_date` varchar(20) DEFAULT NULL,
  `bls_expiration_countown` int DEFAULT NULL,
  `pals` int DEFAULT NULL,
  `pals_expiration_date` varchar(20) DEFAULT NULL,
  `pals_expiration_countown` int DEFAULT NULL,
  PRIMARY KEY (`_id`)
) --ENGINE=InnoDB DEFAULT CHARSET=utf8mb4 COLLATE=utf8mb4_0900_ai_ci;
/*!40101 SET character_set_client = @saved_cs_client */;

--
-- Dumping data for table `education_info`
--

--LOCK TABLES `education_info` WRITE;
/*!40000 ALTER TABLE `education_info` DISABLE KEYS */;
INSERT INTO `education_info` VALUES ('106950',1,1,1,1,1,0,'2024-08-21 00:00:00',76,0,'2024-08-10 00:00:00',87),('115630',1,0,1,1,1,0,'2023-12-27 00:00:00',314,1,'2025-07-03 00:00:00',-240),('118289',1,1,1,1,0,0,'2024-03-26 00:00:00',224,1,'2025-01-07 00:00:00',-63),('122539',1,1,1,1,1,1,'2025-01-21 00:00:00',-77,0,'2024-01-02 00:00:00',308),('130907',1,1,0,1,1,0,'2024-01-30 00:00:00',280,0,'2024-09-29 00:00:00',37),('137267',1,1,0,1,1,1,'2025-04-01 00:00:00',-147,0,'2024-02-06 00:00:00',273),('137759',1,1,1,1,1,1,'2025-01-30 00:00:00',-86,0,'2024-05-02 00:00:00',187),('143709',1,1,1,1,0,0,'2024-06-03 00:00:00',155,0,'2024-10-04 00:00:00',32),('146082',1,1,1,1,1,0,'2024-04-10 00:00:00',209,1,'2025-06-02 00:00:00',-209),('150887',1,1,1,1,1,0,'2024-08-16 00:00:00',81,1,'2025-10-30 00:00:00',-359),('151019',1,1,1,1,1,0,'2024-07-16 00:00:00',112,0,'2023-12-11 00:00:00',330),('157066',1,1,1,1,1,1,'2025-02-22 00:00:00',-109,0,'2023-12-01 00:00:00',340),('159875',1,1,1,1,1,0,'2024-02-05 00:00:00',274,0,'2023-11-15 00:00:00',356),('160198',1,1,1,1,1,1,'2025-10-04 00:00:00',-333,0,'2024-04-03 00:00:00',216),('160578',1,1,0,0,1,0,'2024-08-30 00:00:00',67,1,'2025-10-22 00:00:00',-351),('166124',1,1,1,1,1,1,'2025-10-25 00:00:00',-354,0,'2024-04-09 00:00:00',210),('167002',1,0,1,1,0,0,'2024-08-05 00:00:00',92,1,'2024-12-17 00:00:00',-42),('173741',1,1,1,1,0,0,'2024-05-05 00:00:00',184,0,'2024-04-04 00:00:00',215),('176472',1,1,1,1,1,0,'2024-06-29 00:00:00',129,0,'2024-05-23 00:00:00',166),('183147',1,1,1,1,1,1,'2025-09-24 00:00:00',-323,0,'2024-05-17 00:00:00',172),('187924',1,0,1,1,1,0,'2024-08-24 00:00:00',73,0,'2024-08-27 00:00:00',70),('195795',1,1,0,1,1,0,'2024-09-29 00:00:00',37,1,'2025-10-05 00:00:00',-334),('198806',1,1,1,1,1,0,'2024-05-13 00:00:00',176,1,'2025-04-30 00:00:00',-176),('202657',1,1,1,1,1,0,'2023-11-20 00:00:00',351,1,'2024-11-12 00:00:00',-7),('203202',1,1,1,1,0,0,'2024-04-21 00:00:00',198,0,'2024-08-13 00:00:00',84),('207091',1,1,0,1,1,0,'2023-12-14 00:00:00',327,1,'2024-11-21 00:00:00',-16),('217657',1,1,1,0,0,0,'2024-10-30 00:00:00',6,0,'2024-03-16 00:00:00',234),('218265',1,1,1,1,1,0,'2024-08-02 00:00:00',95,1,'2025-07-30 00:00:00',-267),('221830',1,1,1,0,1,0,'2024-01-23 00:00:00',287,1,'2025-06-08 00:00:00',-215),('230393',1,1,1,1,1,0,'2024-02-04 00:00:00',275,0,'2023-12-12 00:00:00',329),('230424',1,0,1,1,1,0,'2024-07-10 00:00:00',118,0,'2024-03-09 00:00:00',241),('230570',1,1,1,1,1,1,'2025-01-09 00:00:00',-65,1,'2025-04-13 00:00:00',-159),('238484',1,1,1,1,0,1,'2025-02-11 00:00:00',-98,1,'2025-09-14 00:00:00',-313),('243765',1,1,1,1,1,0,'2023-12-16 00:00:00',325,0,'2023-12-24 00:00:00',317),('248009',1,1,0,1,1,0,'2024-10-16 00:00:00',20,0,'2024-07-06 00:00:00',122),('258217',1,0,1,1,0,0,'2024-06-15 00:00:00',143,1,'2024-12-20 00:00:00',-45),('268315',1,1,1,1,1,0,'2024-07-16 00:00:00',112,1,'2025-03-04 00:00:00',-119),('269447',1,1,0,0,1,0,'2024-02-16 00:00:00',263,0,'2024-10-03 00:00:00',33),('270314',1,1,1,1,1,1,'2025-10-20 00:00:00',-349,0,'2024-01-29 00:00:00',281),('282372',1,0,1,0,1,0,'2024-01-29 00:00:00',281,1,'2025-10-16 00:00:00',-345),('286553',1,1,1,1,1,0,'2024-05-29 00:00:00',160,1,'2025-04-18 00:00:00',-164),('292127',1,1,1,1,1,1,'2024-11-24 00:00:00',-19,0,'2024-02-01 00:00:00',278),('296117',1,0,1,1,1,0,'2023-11-28 00:00:00',343,1,'2025-04-08 00:00:00',-154),('305407',1,1,1,1,0,0,'2024-03-29 00:00:00',221,1,'2025-10-22 00:00:00',-351),('310266',1,1,1,1,1,0,'2024-02-07 00:00:00',272,0,'2024-10-01 00:00:00',35),('312552',1,1,1,1,1,0,'2024-03-20 00:00:00',230,0,'2024-08-06 00:00:00',91),('312847',1,1,1,1,1,0,'2024-06-14 00:00:00',144,0,'2024-10-30 00:00:00',6),('317746',1,1,1,1,1,0,'2024-04-09 00:00:00',210,0,'2024-08-16 00:00:00',81),('322696',1,1,1,1,0,0,'2024-07-17 00:00:00',111,1,'2025-02-10 00:00:00',-97),('326844',1,1,1,1,1,0,'2023-12-09 00:00:00',332,1,'2025-06-16 00:00:00',-223),('335478',1,1,1,1,1,0,'2024-07-31 00:00:00',97,0,'2024-09-08 00:00:00',58),('336034',1,1,1,1,1,1,'2024-11-20 00:00:00',-15,1,'2024-12-29 00:00:00',-54),('337430',0,1,1,1,1,0,'2024-07-23 00:00:00',105,0,'2024-11-03 00:00:00',2),('338328',1,1,1,1,0,1,'2025-08-22 00:00:00',-290,0,'2024-09-26 00:00:00',40),('341337',1,1,1,1,0,1,'2025-02-14 00:00:00',-101,1,'2025-03-03 00:00:00',-118),('343465',1,1,1,1,0,0,'2024-06-03 00:00:00',155,0,'2023-11-08 00:00:00',363),('346115',1,1,1,1,1,0,'2023-12-03 00:00:00',338,0,'2024-07-15 00:00:00',113),('348773',1,1,1,1,1,0,'2024-10-20 00:00:00',16,0,'2023-11-10 00:00:00',361),('351935',1,1,1,1,1,0,'2024-06-12 00:00:00',146,1,'2025-01-24 00:00:00',-80),('357146',0,1,1,1,0,1,'2025-03-20 00:00:00',-135,0,'2023-12-09 00:00:00',332),('360052',1,1,1,1,1,1,'2025-05-11 00:00:00',-187,1,'2025-08-18 00:00:00',-286),('360321',1,1,1,1,1,1,'2025-05-24 00:00:00',-200,0,'2023-11-10 00:00:00',361),('361280',1,1,1,1,1,1,'2025-05-04 00:00:00',-180,1,'2025-03-06 00:00:00',-121),('361991',1,1,1,1,1,0,'2024-07-24 00:00:00',104,1,'2025-07-10 00:00:00',-247),('371337',1,1,1,1,1,0,'2024-09-02 00:00:00',64,1,'2025-10-05 00:00:00',-334),('374038',1,1,1,1,1,1,'2024-12-11 00:00:00',-36,1,'2024-12-21 00:00:00',-46),('375427',1,1,1,1,1,0,'2024-01-14 00:00:00',296,1,'2025-07-19 00:00:00',-256),('380178',0,1,1,1,0,0,'2024-01-26 00:00:00',284,0,'2023-12-04 00:00:00',337),('380934',1,1,1,1,0,1,'2025-10-25 00:00:00',-354,0,'2024-01-22 00:00:00',288),('391512',1,1,1,0,0,1,'2025-06-23 00:00:00',-230,1,'2025-05-11 00:00:00',-187),('392394',1,1,1,1,1,0,'2024-11-03 00:00:00',2,1,'2025-06-26 00:00:00',-233),('401231',1,1,0,1,1,0,'2024-02-12 00:00:00',267,0,'2024-09-02 00:00:00',64),('403026',1,1,1,1,1,1,'2025-04-06 00:00:00',-152,1,'2024-11-28 00:00:00',-23),('409886',1,1,1,1,1,0,'2024-03-09 00:00:00',241,0,'2023-12-10 00:00:00',331),('415512',1,1,1,1,0,0,'2024-08-13 00:00:00',84,0,'2024-02-05 00:00:00',274),('419712',1,1,1,1,1,0,'2024-08-12 00:00:00',85,1,'2025-09-26 00:00:00',-325),('419773',1,1,1,1,1,1,'2025-09-07 00:00:00',-306,1,'2025-10-16 00:00:00',-345),('420848',0,1,1,1,1,1,'2024-11-30 00:00:00',-25,1,'2025-08-22 00:00:00',-290),('429342',1,1,1,1,1,1,'2025-03-14 00:00:00',-129,1,'2025-08-16 00:00:00',-284),('429910',1,1,1,1,1,1,'2025-08-24 00:00:00',-292,0,'2024-01-30 00:00:00',280),('434974',1,1,1,1,1,0,'2023-12-17 00:00:00',324,0,'2024-10-20 00:00:00',16),('439791',1,1,1,1,1,0,'2024-07-01 00:00:00',127,0,'2023-12-10 00:00:00',331),('440012',1,1,1,1,0,1,'2025-04-01 00:00:00',-147,1,'2024-12-21 00:00:00',-46),('447156',0,1,1,1,1,1,'2025-03-16 00:00:00',-131,1,'2025-05-30 00:00:00',-206),('448160',1,1,1,1,0,1,'2024-12-12 00:00:00',-37,0,'2024-06-07 00:00:00',151),('455075',1,1,1,1,1,0,'2024-10-20 00:00:00',16,1,'2025-02-24 00:00:00',-111),('456416',0,1,1,1,1,0,'2024-05-26 00:00:00',163,1,'2024-11-09 00:00:00',-4),('462042',1,1,1,1,1,0,'2023-12-31 00:00:00',310,0,'2024-07-31 00:00:00',97),('464397',1,1,1,1,0,1,'2025-07-29 00:00:00',-266,1,'2024-11-07 00:00:00',-2),('479283',1,1,0,1,1,0,'2024-06-09 00:00:00',149,1,'2025-09-18 00:00:00',-317),('483739',1,1,1,1,0,0,'2024-05-19 00:00:00',170,1,'2024-11-13 00:00:00',-8),('489756',1,1,1,1,1,0,'2024-07-26 00:00:00',102,0,'2024-06-01 00:00:00',157),('490271',1,1,1,1,1,0,'2023-12-22 00:00:00',319,1,'2025-05-02 00:00:00',-178),('495513',1,1,1,1,0,1,'2025-01-13 00:00:00',-69,1,'2025-02-10 00:00:00',-97),('497286',1,1,1,1,1,1,'2024-12-01 00:00:00',-26,0,'2024-09-26 00:00:00',40),('503263',1,1,1,1,1,0,'2023-12-11 00:00:00',330,0,'2024-03-13 00:00:00',237),('517017',1,1,1,1,1,1,'2025-04-17 00:00:00',-163,0,'2024-06-09 00:00:00',149),('524259',0,0,1,1,1,1,'2025-07-24 00:00:00',-261,0,'2024-10-02 00:00:00',34),('530197',1,1,1,1,0,1,'2024-11-20 00:00:00',-15,0,'2024-04-10 00:00:00',209),('541331',1,1,1,1,1,1,'2025-05-06 00:00:00',-182,0,'2024-03-15 00:00:00',235),('549704',1,1,1,1,0,1,'2024-12-16 00:00:00',-41,1,'2025-09-15 00:00:00',-314),('552809',1,1,1,1,1,0,'2024-03-20 00:00:00',230,1,'2025-09-02 00:00:00',-301),('560392',1,1,1,1,1,1,'2025-05-30 00:00:00',-206,1,'2025-03-21 00:00:00',-136),('561336',1,1,1,0,1,1,'2025-06-28 00:00:00',-235,1,'2025-10-18 00:00:00',-347),('561515',1,1,0,1,1,1,'2025-08-14 00:00:00',-282,1,'2025-04-19 00:00:00',-165),('568038',1,1,1,1,0,0,'2023-12-20 00:00:00',321,1,'2025-01-23 00:00:00',-79),('570296',1,1,1,1,0,1,'2025-07-26 00:00:00',-263,1,'2025-09-25 00:00:00',-324),('570841',1,1,1,1,1,1,'2025-01-18 00:00:00',-74,1,'2025-09-23 00:00:00',-322),('574844',1,1,1,1,1,0,'2024-06-01 00:00:00',157,1,'2025-05-09 00:00:00',-185),('575024',1,1,1,1,0,0,'2024-10-08 00:00:00',28,0,'2023-11-15 00:00:00',356),('580141',1,1,1,1,1,0,'2024-08-24 00:00:00',73,0,'2024-01-06 00:00:00',304),('580939',1,1,1,1,0,1,'2025-07-20 00:00:00',-257,1,'2024-11-16 00:00:00',-11),('583293',1,0,1,1,1,1,'2025-01-09 00:00:00',-65,1,'2025-01-18 00:00:00',-74),('585711',1,1,1,1,0,1,'2025-03-30 00:00:00',-145,0,'2024-08-28 00:00:00',69),('593520',1,1,1,1,1,0,'2024-01-29 00:00:00',281,0,'2023-12-27 00:00:00',314),('596915',1,1,1,1,1,0,'2024-03-26 00:00:00',224,0,'2024-05-19 00:00:00',170),('599920',1,1,1,1,1,0,'2024-08-18 00:00:00',79,0,'2024-07-08 00:00:00',120),('600895',1,1,1,1,0,1,'2025-01-24 00:00:00',-80,1,'2025-04-24 00:00:00',-170),('603589',1,1,1,1,1,0,'2024-09-11 00:00:00',55,1,'2024-12-04 00:00:00',-29),('603765',1,1,1,1,1,1,'2025-08-12 00:00:00',-280,0,'2023-12-08 00:00:00',333),('608744',1,1,1,1,1,0,'2023-11-11 00:00:00',360,1,'2025-07-26 00:00:00',-263),('623137',1,1,1,0,1,0,'2024-01-26 00:00:00',284,1,'2025-07-02 00:00:00',-239),('629621',1,0,0,1,1,1,'2025-07-28 00:00:00',-265,1,'2025-06-11 00:00:00',-218),('630367',1,0,1,1,0,1,'2025-02-22 00:00:00',-109,1,'2025-03-13 00:00:00',-128),('632417',1,1,1,1,1,0,'2024-07-17 00:00:00',111,1,'2025-06-12 00:00:00',-219),('640302',1,0,1,1,1,1,'2025-04-01 00:00:00',-147,1,'2025-09-10 00:00:00',-309),('645118',1,1,1,1,0,0,'2024-08-03 00:00:00',94,0,'2024-04-01 00:00:00',218),('647672',1,1,1,1,0,1,'2024-11-12 00:00:00',-7,1,'2025-06-05 00:00:00',-212),('653278',1,1,1,1,0,0,'2024-09-25 00:00:00',41,0,'2023-12-20 00:00:00',321),('655282',1,1,1,1,1,1,'2025-03-14 00:00:00',-129,1,'2025-01-27 00:00:00',-83),('665558',1,1,1,0,1,0,'2024-03-22 00:00:00',228,0,'2024-10-15 00:00:00',21),('666922',1,1,1,1,1,1,'2024-12-30 00:00:00',-55,0,'2024-05-15 00:00:00',174),('667049',1,1,1,1,1,0,'2024-06-10 00:00:00',148,0,'2024-03-06 00:00:00',244),('667158',1,0,1,1,0,0,'2023-12-09 00:00:00',332,1,'2025-06-18 00:00:00',-225),('672602',1,1,1,1,1,1,'2025-10-30 00:00:00',-359,1,'2025-05-06 00:00:00',-182),('679510',0,1,1,1,1,1,'2025-07-22 00:00:00',-259,0,'2024-06-16 00:00:00',142),('685031',1,1,1,1,1,1,'2025-10-28 00:00:00',-357,1,'2025-09-05 00:00:00',-304),('687397',1,1,1,1,1,0,'2024-03-25 00:00:00',225,0,'2024-09-22 00:00:00',44),('693604',1,0,0,1,0,0,'2024-03-17 00:00:00',233,1,'2024-12-02 00:00:00',-27),('696667',1,1,1,1,1,1,'2024-12-02 00:00:00',-27,0,'2024-07-11 00:00:00',117),('703039',0,1,1,1,1,1,'2025-04-06 00:00:00',-152,0,'2024-07-12 00:00:00',116),('706696',1,1,1,1,0,0,'2024-08-27 00:00:00',70,0,'2024-01-05 00:00:00',305),('711841',1,1,1,1,0,1,'2024-12-22 00:00:00',-47,1,'2025-01-02 00:00:00',-58),('720759',1,1,1,1,1,0,'2024-03-29 00:00:00',221,0,'2023-12-06 00:00:00',335),('722057',1,1,1,1,0,0,'2024-06-01 00:00:00',157,1,'2025-08-02 00:00:00',-270),('723021',1,1,1,1,1,1,'2025-05-25 00:00:00',-201,0,'2024-08-03 00:00:00',94),('723454',1,1,0,1,1,0,'2024-10-24 00:00:00',12,0,'2024-06-26 00:00:00',132),('732397',1,1,0,1,1,0,'2024-07-23 00:00:00',105,1,'2025-10-07 00:00:00',-336),('736005',1,1,0,1,1,1,'2025-01-09 00:00:00',-65,0,'2024-04-19 00:00:00',200),('738631',1,1,1,1,1,0,'2024-04-17 00:00:00',202,0,'2024-11-01 00:00:00',4),('739256',1,0,1,1,1,0,'2024-06-03 00:00:00',155,0,'2024-01-25 00:00:00',285),('750435',1,1,1,1,0,0,'2024-03-27 00:00:00',223,1,'2024-11-22 00:00:00',-17),('755343',1,1,1,1,1,1,'2025-02-06 00:00:00',-93,1,'2025-02-19 00:00:00',-106),('759295',1,1,1,1,0,0,'2024-06-20 00:00:00',138,0,'2024-03-05 00:00:00',245),('760933',1,1,1,1,1,1,'2024-11-14 00:00:00',-9,0,'2024-03-29 00:00:00',221),('774896',1,1,1,1,1,1,'2025-03-23 00:00:00',-138,1,'2025-06-30 00:00:00',-237),('777350',1,1,1,1,1,1,'2025-01-15 00:00:00',-71,0,'2024-01-07 00:00:00',303),('782586',1,1,0,1,1,0,'2024-07-20 00:00:00',108,1,'2025-01-21 00:00:00',-77),('792710',1,1,1,1,1,0,'2024-05-17 00:00:00',172,1,'2025-03-16 00:00:00',-131),('795697',1,1,1,1,1,0,'2024-02-28 00:00:00',251,1,'2025-08-09 00:00:00',-277),('800766',1,1,1,1,1,0,'2023-12-20 00:00:00',321,0,'2024-06-18 00:00:00',140),('814958',1,1,1,1,1,1,'2024-11-22 00:00:00',-17,1,'2025-10-15 00:00:00',-344),('819627',1,1,1,1,1,1,'2025-08-27 00:00:00',-295,0,'2024-04-22 00:00:00',197),('820875',1,0,1,1,0,1,'2025-08-08 00:00:00',-276,1,'2025-10-11 00:00:00',-340),('823072',1,1,1,1,1,0,'2023-11-26 00:00:00',345,0,'2024-08-10 00:00:00',87),('836844',1,1,1,1,1,0,'2024-02-28 00:00:00',251,0,'2024-06-08 00:00:00',150),('844803',1,1,1,1,1,0,'2024-06-15 00:00:00',143,0,'2024-10-25 00:00:00',11),('845413',1,1,1,1,0,1,'2025-01-07 00:00:00',-63,0,'2024-06-25 00:00:00',133),('849821',1,1,1,1,1,0,'2024-09-03 00:00:00',63,1,'2025-04-30 00:00:00',-176),('853904',1,1,0,1,0,1,'2025-04-10 00:00:00',-156,1,'2025-01-09 00:00:00',-65),('857594',0,1,1,1,1,0,'2023-11-18 00:00:00',353,0,'2024-06-19 00:00:00',139),('858725',1,1,1,1,1,0,'2024-01-31 00:00:00',279,0,'2024-08-01 00:00:00',96),('862852',1,1,1,1,1,0,'2024-02-14 00:00:00',265,0,'2024-02-14 00:00:00',265),('865007',1,1,1,1,1,0,'2024-04-29 00:00:00',190,1,'2025-02-01 00:00:00',-88),('867608',1,1,1,0,1,0,'2024-04-25 00:00:00',194,0,'2024-01-13 00:00:00',297),('880640',1,0,1,1,1,1,'2025-05-03 00:00:00',-179,0,'2023-11-10 00:00:00',361),('882141',0,1,1,1,1,0,'2023-12-24 00:00:00',317,1,'2025-05-11 00:00:00',-187),('885707',1,1,1,1,1,0,'2024-07-30 00:00:00',98,0,'2024-01-10 00:00:00',300),('898522',1,1,1,1,0,1,'2025-04-07 00:00:00',-153,1,'2025-02-18 00:00:00',-105),('900719',0,1,1,1,1,0,'2024-04-19 00:00:00',200,0,'2024-08-06 00:00:00',91),('903267',1,1,1,1,1,1,'2025-07-22 00:00:00',-259,0,'2023-12-09 00:00:00',332),('910019',0,1,1,1,1,1,'2025-01-06 00:00:00',-62,0,'2024-10-22 00:00:00',14),('911790',1,1,1,0,1,1,'2025-04-04 00:00:00',-150,1,'2025-01-11 00:00:00',-67),('923231',1,1,1,1,0,0,'2023-11-21 00:00:00',350,1,'2025-04-24 00:00:00',-170),('923827',1,1,1,1,1,1,'2025-06-08 00:00:00',-215,1,'2025-06-06 00:00:00',-213),('925913',0,1,1,1,1,0,'2023-12-16 00:00:00',325,0,'2024-02-25 00:00:00',254),('938007',1,1,1,1,1,0,'2024-08-15 00:00:00',82,0,'2024-07-09 00:00:00',119),('944726',1,1,1,1,1,0,'2024-03-04 00:00:00',246,0,'2023-11-08 00:00:00',363),('947319',0,1,0,1,1,1,'2025-01-01 00:00:00',-57,1,'2025-09-01 00:00:00',-300),('950031',1,1,1,1,1,1,'2025-10-30 00:00:00',-359,0,'2024-10-03 00:00:00',33),('956904',1,1,1,1,1,1,'2024-12-18 00:00:00',-43,1,'2025-10-18 00:00:00',-347),('960902',1,1,1,1,1,0,'2024-01-03 00:00:00',307,0,'2023-11-12 00:00:00',359),('960936',1,1,1,1,0,0,'2023-12-04 00:00:00',337,1,'2024-12-29 00:00:00',-54),('963720',1,0,1,1,1,1,'2025-03-24 00:00:00',-139,1,'2024-11-11 00:00:00',-6),('968255',1,1,1,1,1,0,'2023-12-15 00:00:00',326,1,'2025-02-01 00:00:00',-88),('969037',1,1,1,1,0,0,'2024-09-21 00:00:00',45,1,'2025-10-20 00:00:00',-349),('969526',1,1,1,1,1,1,'2025-10-20 00:00:00',-349,1,'2025-08-20 00:00:00',-288),('969916',1,1,1,1,1,1,'2025-09-08 00:00:00',-307,1,'2025-08-31 00:00:00',-299),('991937',0,0,1,1,1,0,'2024-09-22 00:00:00',44,1,'2024-11-13 00:00:00',-8),('997949',1,1,1,1,0,0,'2024-07-21 00:00:00',107,0,'2024-08-26 00:00:00',71);
/*!40000 ALTER TABLE `education_info` ENABLE KEYS */;
--UNLOCK TABLES;

--
-- Table structure for table `personal_info`
--

DROP TABLE IF EXISTS `personal_info`;
/*!40101 SET @saved_cs_client     = @@character_set_client */;
/*!50503 SET character_set_client = utf8mb4 */;
CREATE TABLE `personal_info` (
  `_id` varchar(100) NOT NULL,
  `nursing_license` varchar(10) DEFAULT NULL,
  `last_name` varchar(50) DEFAULT NULL,
  `first_name` varchar(50) DEFAULT NULL,
  `username` varchar(50) DEFAULT NULL,
  PRIMARY KEY (`_id`)
) --ENGINE=InnoDB DEFAULT CHARSET=utf8mb4 COLLATE=utf8mb4_0900_ai_ci;
/*!40101 SET character_set_client = @saved_cs_client */;

--
-- Dumping data for table `personal_info`
--

--LOCK TABLES `personal_info` WRITE;
/*!40000 ALTER TABLE `personal_info` DISABLE KEYS */;
INSERT INTO `personal_info` VALUES ('106950','LTY37V','XGYYZWS','ZKPSZHUWX','zxgyyz12'),('115630','5KR0FP','SMQF','GPUMKX','gsmqf20'),('118289','N3N19O','QKPLCDMBR','MWYW','mqkplc15'),('122539','TC5WDM','RAKNGF','VDQ','vrakng09'),('130907','QWRE11','IJCFGBVQIP','PUXGPIOHZ','pijcfg17'),('137267','0XR38X','VUTZB','OVNVKV','ovutzb10'),('137759','MC50K2','JUGDTCTE','NYTWYQUFNG','njugdt02'),('143709','PG5HW9','OGHLXEBO','QCWKCZ','qoghlx16'),('146082','VTJT7H','OEUQFI','SSLEPSW','soeuqf15'),('150887','UUZNEC','STGFKCE','QVQISYXW','qstgfk20'),('151019','P3ZKQ4','VPPJLCBNB','IMW','ivppjl18'),('157066','NY3BJV','KCHQISXMZJ','STGC','skchqi20'),('159875','25Z7UQ','QGKUGYVFZF','SNIZUAIGNI','sqgkug07'),('160198','NK3D8E','NTSUNZNM','QKMCGHI','qntsun03'),('160578','JD4AOS','SJWPTZU','APYDWIAD','asjwpt02'),('166124','1IYXKF','YDAQP','FERBUCHQ','fydaqp07'),('167002','8U6OND','NSGFLBCZX','ZQR','znsgfl19'),('173741','541264','WIBVLQE','BQEVYVRSP','bwibvl17'),('176472','46ORR7','MGRQA','WMGZVCCX','wmgrqa04'),('183147','6TRPPO','UVUJNTGFD','RWUXCK','ruvujn03'),('187924','77IFVA','MMVLMF','XSVNR','xmmvlm19'),('195795','DW4AC6','YLLUJ','VNUEUFPUWW','vylluj19'),('198806','QJ8DUJ','OCY','CHQDRXMHFV','cocy09'),('202657','9A547M','KTZ','MNZL','mktz04'),('203202','GTJKOJ','KMB','BJOWI','bkmb15'),('207091','FK7R83','AATVDZJ','KLNDTGOG','kaatvd10'),('217657','T65ZO6','QRMZFUQWCA','SJHFLLGXAQ','sqrmzf08'),('218265','PE3ZOX','OGVMCJ','JVIL','jogvmc14'),('221830','616GNA','LGR','VDEBKYLL','vlgr08'),('230393','QDDKA1','GOZU','BFXD','bgozu10'),('230424','48EZXL','DBISV','PCD','pdbisv10'),('230570','RZKL1P','TMUJ','UZRDVYHAS','utmuj19'),('238484','RYOO5E','LXRWCJQU','HRTGQ','hlxrwc01'),('243765','K7GUOA','WQXLS','OKBXU','owqxls16'),('248009','PSSWM4','BAVMFLDNH','TYH','tbavmf14'),('258217','KGNTVE','PIJVO','HTYRJ','hpijvo12'),('268315','JTUZPK','ZEVIXMH','XLVC','xzevix17'),('269447','DU9Y5R','NJMT','TKQ','tnjmt19'),('270314','Z51B4H','RBZ','FQZ','frbz20'),('282372','BOLBVF','ZZPFW','IENHZA','izzpfw09'),('286553','FNEBIS','KNNXFRV','HKD','hknnxf20'),('292127','JJKPRX','DWOCAEK','QKJDAGQDNJ','qdwoca08'),('296117','QYD9JM','UEAZUYWRD','SXT','sueazu06'),('305407','4HEZIV','PGIJGS','RGBAULE','rpgijg04'),('310266','E6NPTU','SCBRFEKX','NDQP','nscbrf09'),('312552','A39ZCD','GNYQH','XUZ','xgnyqh19'),('312847','N8KPJQ','ISXTUOQI','GKCP','gisxtu03'),('317746','GU8R97','PCINZMCLGE','PDEIDLTGWC','ppcinz17'),('322696','Y2G9BH','VWWZS','QYXSAMWPNT','qvwwzs03'),('326844','AF5BBG','IAZFDUKLKF','PGGNWOWTH','piazfd13'),('335478','HRM36A','ZOM','OTYIWGUH','ozom03'),('336034','RTP1ZL','NRYNSKVZP','TEJBPE','tnryns06'),('337430','O7Y60N','KWOCC','ZOH','zkwocc16'),('338328','6VEDTP','MHJAUZMBYP','GNKCGWY','gmhjau13'),('341337','4CSH55','WNZG','TEAHJ','twnzg10'),('343465','PDDQH3','WOKMII','PIQQRC','pwokmi02'),('346115','5SZG4Y','MASAGYKO','KRGXHSQQQ','kmasag05'),('348773','4GHAZE','TSAWZVFRS','KWHDGME','ktsawz09'),('351935','O240KM','CWSFUQ','PRKWZIT','pcwsfu09'),('357146','4LSJFK','IGFNJSRQYG','NCEQX','nigfnj19'),('360052','3UUVPC','TXIZHP','ZHTGUSBT','ztxizh12'),('360321','T7ZBBI','DAGV','OQXWSR','odagv18'),('361280','4Y0A39','WURV','KOXMU','kwurv03'),('361991','QJLZOR','RHPLX','XDH','xrhplx13'),('371337','0DM8QC','JYAENYS','CZDGGAO','cjyaen08'),('374038','8BWO1P','AKE','PWURV','pake20'),('375427','L5MKF6','JIKACNNSEH','DOVPJXD','djikac13'),('380178','BDNRKI','YQXX','DBZRY','dyqxx09'),('380934','CX6IRC','VEGD','NDSDOHN','nvegd11'),('391512','VKC6B4','TLJRKWZUA','AGDV','atljrk10'),('392394','VX0ZL6','UGJQOI','HCASSFG','hugjqo15'),('401231','AYTECB','LVQYC','ZXABG','zlvqyc17'),('403026','BQ7J52','KFIYHN','VSET','vkfiyh05'),('409886','TTPJ9Y','EOZLRRLWCX','IFPZ','ieozlr13'),('415512','MPJAKL','JNAFITJ','WRFXGJVWM','wjnafi12'),('419712','Y6G5H1','DKGH','XCLYNFWM','xdkgh15'),('419773','Z0EGRB','ESMDUBUTHB','BCSWK','besmdu04'),('420848','ABDP4Y','YZXYTPO','JFAD','jyzxyt02'),('429342','CFGQK0','BUCUAWHW','SPWM','sbucua18'),('429910','WOG5FF','QHJYZMUG','VVPRYEPH','vqhjyz19'),('434974','KIQL9D','PTIRX','TJDJDNU','tptirx04'),('439791','LGYGPA','RMR','XWAHOSFC','xrmr20'),('440012','LT67XZ','KDDVASQ','UMRMMY','ukddva06'),('447156','I8C43I','ZMUAR','ODJYX','ozmuar14'),('448160','VQN9QO','HYXR','TYWDA','thyxr08'),('455075','4AW0OB','DZZTR','LYMZBHSB','ldzztr01'),('456416','42OAIQ','NVMJWQ','EWXOHDQIDP','envmjw02'),('462042','IZ06ZN','ICDWZJPZSM','GGNNFMFO','gicdwz16'),('464397','7VKTDC','MJHYIHDO','XHM','xmjhyi13'),('479283','7HZ017','MAZN','SRDMW','smazn13'),('483739','EAQY3E','ZQNNJ','CEAJGN','czqnnj03'),('489756','ZB74J3','DQI','RONWPEO','rdqi12'),('490271','7S0VLH','TADTPQB','GGKVRVQRW','gtadtp04'),('495513','HDDR4H','IMA','OQXDKVNI','oima18'),('497286','V7V86F','MUIFA','HHQOJWXJR','hmuifa11'),('503263','X7W5FI','MSXSAFKC','BZMGLSW','bmsxsa16'),('517017','LLM946','JVBPPFZQ','VYPSYGNP','vjvbpp15'),('524259','4AC1H9','YSIUASTZBU','LDH','lysiua15'),('530197','X7QM3M','FYHDDJXEQ','UVQEIWVD','ufyhdd07'),('541331','JGYZXC','AJJYCDSY','NSTWIFXWYA','najjyc02'),('549704','FQUPH3','GKDE','RSRICTP','rgkde11'),('552809','69ZVHV','HZFSA','VVPLNBDPXG','vhzfsa09'),('560392','LHQ2C0','KQBVIUZAVL','EUJTYDPB','ekqbvi11'),('561336','XCRVGR','IQEIOCLG','LNVH','liqeio17'),('561515','B95AXE','KFGIZCYPJN','BOXOUIHXQ','bkfgiz02'),('568038','DUQ453','WRZETBDZH','WTYKJVXU','wwrzet19'),('570296','NUHTC4','PAHMKMSEO','KEQMLUCT','kpahmk15'),('570841','C0C1QV','JVASETVCVJ','PKA','pjvase16'),('574844','CA467D','TXX','JNSB','jtxx10'),('575024','5ZMTOP','THNNT','TWUNHJ','tthnnt03'),('580141','Q3C5OW','BAF','YZZNVQJTPT','ybaf09'),('580939','7E6W4B','FUJARHAW','UHTRKSFESQ','ufujar06'),('583293','TONS40','BOHAB','VAY','vbohab06'),('585711','LVM9IU','KLBN','HLZYTFIXZX','hklbn20'),('593520','57YQJJ','LUBZ','QFCGYI','qlubz02'),('596915','SW8XIH','VTWGGT','DUPUY','dvtwgg09'),('599920','CHCZNW','VDEGSDZTXT','GOMY','gvdegs19'),('600895','THZBKM','DMSVLAK','VZADTHIK','vdmsvl20'),('603589','40R7HB','KHMLXH','ZEQSY','zkhmlx05'),('603765','J1GGJ0','LSORFX','HTODLT','hlsorf04'),('608744','X96ELR','FCJJG','ELSTQLDM','efcjjg11'),('623137','M11WZ7','BNBGY','KGRFSYFIOY','kbnbgy02'),('629621','90IGHX','WJISVQDOEC','MGPDPIQ','mwjisv18'),('630367','8KKUOB','IRFQNJBYV','SYQBJNZIC','sirfqn08'),('632417','UKMEF9','EZIDMWKN','DDLG','dezidm05'),('640302','H9S6OS','SDKQLTEQ','ZUDXCVX','zsdkql13'),('645118','KMEWY2','VKTVWX','AZCR','avktvw01'),('647672','VDDG5A','QPAMRMB','JXDKKBDG','jqpamr10'),('653278','FR919U','LSO','LTACDK','llso20'),('655282','49IJIY','NUWFG','KYQOJ','knuwfg20'),('665558','G24AEY','BPVKIAYURM','NQWU','nbpvki18'),('666922','3GQMES','EZBNHFTHX','ZDAH','zezbnh16'),('667049','T21U4Q','BLY','QYNXVAH','qbly07'),('667158','GW4MA2','SJJLVGES','OXULGZ','osjjlv20'),('672602','59LK7T','ICRBCSQ','COUPRYJ','cicrbc10'),('679510','X09LLP','CWMWYZNUZQ','LCGNUC','lcwmwy16'),('685031','ZLOQ6D','SYUBFF','PBYGJPFLFM','psyubf20'),('687397','WC8M1L','UEQSBTR','GVJMZGD','gueqsb17'),('693604','IHLK5L','GMISTUK','EUZHVMZIF','egmist18'),('696667','OZ3YUH','HHAC','DRJCGZRUW','dhhac08'),('703039','SFSSYZ','CGTGYOAFPG','GSKSDO','gcgtgy07'),('706696','FKZYEE','ITLVD','LGNOTHLFP','litlvd17'),('711841','AP4MRN','XMQRDW','WRTQNB','wxmqrd07'),('720759','GO0FZZ','LALVKFOQ','AJBXJBCJY','alalvk11'),('722057','4JRGPZ','GCYLTMKOL','RLPIWO','rgcylt11'),('723021','1V4I2I','RURUFDPLMZ','HEXUE','hruruf12'),('723454','WIJ3I6','ZDXXDURM','CGGDRCDRV','czdxxd06'),('732397','ZB2X8R','QFFQS','RLXY','rqffqs13'),('736005','5IIF2B','YFNMNSITFZ','GLAHTTJLYR','gyfnmn16'),('738631','CSST4H','JGJOXQEH','DZYXISR','djgjox12'),('739256','7C48LH','IISL','QUSQTFC','qiisl02'),('750435','Y3VFQN','WRCACSMYRM','UYJUYAZMM','uwrcac10'),('755343','W16C6U','GHXVHRB','FGSREL','fghxvh10'),('759295','D8WICN','YMD','RNKD','rymd03'),('760933','CBB8SX','NPHK','ENK','enphk16'),('774896','KX7U2P','JAFRQQ','ZQC','zjafrq11'),('777350','HXJ64V','ZFTGW','EUYKEWW','ezftgw16'),('782586','6PDMZE','UAHUTRS','WVPSKMZH','wuahut13'),('792710','45FABD','KQV','WALRAO','wkqv14'),('795697','SL0VX1','FXAJWWHFN','OSNWQ','ofxajw20'),('800766','ACQU8P','IMVDE','UKOBVH','uimvde20'),('814958','Y6GXCL','GXJNMFVZDX','IQTR','igxjnm06'),('819627','KQKZ60','AAT','CZRSA','caat05'),('820875','8GIPJR','TPT','NVLQHQASNG','ntpt05'),('823072','5KDZ86','WMMHV','EGGQHL','ewmmhv07'),('836844','ILRU11','EDZMLFEMUV','VWASXPBZYY','vedzml12'),('844803','W8GPJ1','VZBAQRCU','MCSBRA','mvzbaq20'),('845413','BTK9Q7','LAPISZT','QRFVFI','qlapis12'),('849821','SXK1CP','VQYJDNBPYR','IMMWBX','ivqyjd11'),('853904','DSW64N','UNHPPDU','NOPS','nunhpp11'),('857594','C3Q5ON','TKVKL','SPCZ','stkvkl13'),('858725','Y011X6','EKJLWQYUX','ONRTDCZ','oekjlw20'),('862852','V8NTL1','FGNX','ZTHJNRTB','zfgnx06'),('865007','EYTIK8','DTGG','YSV','ydtgg09'),('867608','DY4UFY','YSAJAGSF','ULJHLGCYN','uysaja01'),('880640','540VV2','MWFIZLFGH','LVY','lmwfiz03'),('882141','1PGQ3N','CCPEBLHR','QKVDELAYM','qccpeb09'),('885707','0922UV','DOS','AQE','ados07'),('898522','UQ1521','GCW','KHRADA','kgcw17'),('900719','9J5JUD','VBDVFQV','CNCOLLRH','cvbdvf18'),('903267','F3Z6GF','XQUDIWHSVN','MIKOBWDE','mxqudi19'),('910019','PBG1FL','YZTLUJB','CXYZWWPL','cyztlu17'),('911790','0DOVHF','YVDVMWT','SROKVWQL','syvdvm19'),('923231','2ZXS8T','ERRNR','WIYEZ','werrnr01'),('923827','6I984Y','IYVBE','KQEYGMAJYF','kiyvbe16'),('925913','289BIA','FGARCB','YMX','yfgarc04'),('938007','EY04R9','GQTDPPTAX','RVJMYP','rgqtdp20'),('944726','PTP8G3','BLKWK','JZIF','jblkwk08'),('947319','INKL50','ZVQ','OXE','ozvq12'),('950031','DB97WH','GYLI','LTCKJO','lgyli05'),('956904','34KWOR','ETFV','FJDU','fetfv11'),('960902','4GCD1Q','ADIUPAV','IYOSK','iadiup10'),('960936','QRG90A','IORGROIZA','ZII','ziorgr05'),('963720','GZJZT2','GTUD','LXUB','lgtud08'),('968255','ATDCU9','EZCLUGSS','HEZCHFJ','hezclu20'),('969037','EKQ67Q','LZYGBHTV','NWCQI','nlzygb09'),('969526','NHPWDL','UBSPKUU','AMTDYI','aubspk07'),('969916','0BPBSA','NSNGGDQDRP','JQTNB','jnsngg03'),('991937','JFYA03','QEKKTN','LPWCUQSL','lqekkt17'),('997949','WPQIRH','DVVFY','FOSB','fdvvfy13');
/*!40000 ALTER TABLE `personal_info` ENABLE KEYS */;
--UNLOCK TABLES;

--
-- Table structure for table `workplace_info`
--

DROP TABLE IF EXISTS `workplace_info`;
/*!40101 SET @saved_cs_client     = @@character_set_client */;
/*!50503 SET character_set_client = utf8mb4 */;
CREATE TABLE `workplace_info` (
  `_id` varchar(100) NOT NULL,
  `username` varchar(50) DEFAULT NULL,
  `nursing_license` varchar(10) DEFAULT NULL,
  `starting_date` varchar(20) DEFAULT NULL,
  `years_of_experience` varchar(20) DEFAULT NULL,
  `shift` varchar(10) DEFAULT NULL,
  `preceptor` varchar(10) DEFAULT NULL,
  `charge_rn` varchar(10) DEFAULT NULL,
  `employment_status` varchar(20) DEFAULT NULL,
  PRIMARY KEY (`_id`)
) --ENGINE=InnoDB DEFAULT CHARSET=utf8mb4 COLLATE=utf8mb4_0900_ai_ci;
/*!40101 SET character_set_client = @saved_cs_client */;

--
-- Dumping data for table `workplace_info`
--

--LOCK TABLES `workplace_info` WRITE;
/*!40000 ALTER TABLE `workplace_info` DISABLE KEYS */;
INSERT INTO `workplace_info` VALUES ('106950','zxgyyz12','LTY37V','2022-08-07 00:00:00','2.2477754962354553','AM','1','1','Full Time'),('115630','gsmqf20','5KR0FP','2021-04-14 00:00:00','3.561943874058864','AM','0','0','Full Time'),('118289','mqkplc15','N3N19O','2018-06-03 00:00:00','6.425735797399041','PM','0','1','Part Time'),('122539','vrakng09','TC5WDM','2016-09-09 00:00:00','8.15605749486653','PM','0','0','Full Time'),('130907','pijcfg17','QWRE11','2021-05-13 00:00:00','3.482546201232033','AM','1','1','Full Time'),('137267','ovutzb10','0XR38X','2020-05-20 00:00:00','4.462696783025325','AM','1','0','Part Time'),('137759','njugdt02','MC50K2','2021-12-14 00:00:00','2.8939082819986313','AM','0','1','PRN'),('143709','qoghlx16','PG5HW9','2020-04-18 00:00:00','4.550308008213553','PM','0','0','Full Time'),('146082','soeuqf15','VTJT7H','2019-03-28 00:00:00','5.6098562628336754','PM','1','0','Part Time'),('150887','qstgfk20','UUZNEC','2019-12-23 00:00:00','4.870636550308008','PM','0','1','Full Time'),('151019','ivppjl18','P3ZKQ4','2019-05-15 00:00:00','5.478439425051334','AM','0','1','Full Time'),('157066','skchqi20','NY3BJV','2018-06-21 00:00:00','6.376454483230664','PM','1','1','Full Time'),('159875','sqgkug07','25Z7UQ','2020-08-27 00:00:00','4.191649555099247','AM','1','1','PRN'),('160198','qntsun03','NK3D8E','2020-12-12 00:00:00','3.898699520876112','AM','1','0','Full Time'),('160578','asjwpt02','JD4AOS','2021-12-31 00:00:00','2.847364818617385','PM','0','0','Full Time'),('166124','fydaqp07','1IYXKF','2020-07-20 00:00:00','4.295687885010267','AM','0','1','Full Time'),('167002','znsgfl19','8U6OND','2024-03-16 00:00:00','0.6406570841889117','PM','1','0','Part Time'),('173741','bwibvl17','541264','2015-03-26 00:00:00','9.61533196440794','PM','1','0','Full Time'),('176472','wmgrqa04','46ORR7','2016-09-05 00:00:00','8.167008898015059','AM','0','0','Full Time'),('183147','ruvujn03','6TRPPO','2024-07-15 00:00:00','0.30937713894592744','PM','0','1','Part Time'),('187924','xmmvlm19','77IFVA','2016-01-12 00:00:00','8.815879534565367','PM','1','0','PRN'),('195795','vylluj19','DW4AC6','2020-05-31 00:00:00','4.432580424366872','AM','1','0','Part Time'),('198806','cocy09','QJ8DUJ','2017-09-28 00:00:00','7.104722792607803','AM','0','0','Part Time'),('202657','mktz04','9A547M','2017-10-25 00:00:00','7.030800821355236','PM','1','1','Full Time'),('203202','bkmb15','GTJKOJ','2022-09-20 00:00:00','2.127310061601643','PM','1','0','PRN'),('207091','kaatvd10','FK7R83','2015-04-26 00:00:00','9.530458590006845','PM','0','0','PRN'),('217657','sqrmzf08','T65ZO6','2020-02-22 00:00:00','4.70362765229295','PM','0','0','Full Time'),('218265','jogvmc14','PE3ZOX','2020-04-07 00:00:00','4.5804243668720055','PM','1','0','Full Time'),('221830','vlgr08','616GNA','2021-05-28 00:00:00','3.4414784394250515','AM','0','0','Part Time'),('230393','bgozu10','QDDKA1','2022-11-27 00:00:00','1.9411362080766599','AM','1','0','Full Time'),('230424','pdbisv10','48EZXL','2024-09-20 00:00:00','0.12594113620807665','AM','0','1','Full Time'),('230570','utmuj19','RZKL1P','2021-12-16 00:00:00','2.8884325804243667','PM','1','1','Part Time'),('238484','hlxrwc01','RYOO5E','2023-01-30 00:00:00','1.7659137577002053','PM','0','0','Full Time'),('243765','owqxls16','K7GUOA','2018-04-01 00:00:00','6.598220396988364','PM','1','0','Full Time'),('248009','tbavmf14','PSSWM4','2015-04-21 00:00:00','9.544147843942506','AM','1','1','Full Time'),('258217','hpijvo12','KGNTVE','2016-12-17 00:00:00','7.885010266940451','PM','0','0','Full Time'),('268315','xzevix17','JTUZPK','2017-05-15 00:00:00','7.477070499657769','AM','0','1','Full Time'),('269447','tnjmt19','DU9Y5R','2015-09-05 00:00:00','9.169062286105408','PM','1','1','Full Time'),('270314','frbz20','Z51B4H','2018-06-15 00:00:00','6.392881587953457','AM','0','1','PRN'),('282372','izzpfw09','BOLBVF','2020-03-11 00:00:00','4.654346338124572','AM','1','1','PRN'),('286553','hknnxf20','FNEBIS','2022-05-25 00:00:00','2.4503764544832305','PM','0','0','Part Time'),('292127','qdwoca08','JJKPRX','2016-10-16 00:00:00','8.054757015742641','PM','0','0','Full Time'),('296117','sueazu06','QYD9JM','2021-10-18 00:00:00','3.049965776865161','AM','0','0','Full Time'),('305407','rpgijg04','4HEZIV','2022-06-10 00:00:00','2.406570841889117','AM','0','0','Full Time'),('310266','nscbrf09','E6NPTU','2022-09-25 00:00:00','2.113620807665982','PM','0','1','Full Time'),('312552','xgnyqh19','A39ZCD','2018-12-31 00:00:00','5.848049281314168','PM','1','0','Part Time'),('312847','gisxtu03','N8KPJQ','2022-12-02 00:00:00','1.9274469541409993','AM','0','1','PRN'),('317746','ppcinz17','GU8R97','2017-07-03 00:00:00','7.342915811088296','AM','1','1','Full Time'),('322696','qvwwzs03','Y2G9BH','2019-01-31 00:00:00','5.763175906913073','PM','0','1','Full Time'),('326844','piazfd13','AF5BBG','2016-04-27 00:00:00','8.525667351129364','PM','0','1','Part Time'),('335478','ozom03','HRM36A','2024-09-06 00:00:00','0.16427104722792607','AM','0','1','PRN'),('336034','tnryns06','RTP1ZL','2016-01-06 00:00:00','8.83230663928816','PM','0','0','Full Time'),('337430','zkwocc16','O7Y60N','2024-07-23 00:00:00','0.2874743326488706','PM','1','0','Full Time'),('338328','gmhjau13','6VEDTP','2019-06-01 00:00:00','5.431895961670089','PM','1','1','Part Time'),('341337','twnzg10','4CSH55','2015-04-08 00:00:00','9.579739904175222','PM','0','0','Full Time'),('343465','pwokmi02','PDDQH3','2015-02-26 00:00:00','9.69199178644764','PM','0','1','Part Time'),('346115','kmasag05','5SZG4Y','2021-01-29 00:00:00','3.7672826830937716','AM','1','1','Part Time'),('348773','ktsawz09','4GHAZE','2022-07-02 00:00:00','2.346338124572211','PM','1','1','Full Time'),('351935','pcwsfu09','O240KM','2022-09-08 00:00:00','2.1601642710472277','PM','1','1','Part Time'),('357146','nigfnj19','4LSJFK','2016-08-16 00:00:00','8.2217659137577','PM','1','1','Part Time'),('360052','ztxizh12','3UUVPC','2015-06-19 00:00:00','9.382614647501711','PM','0','1','Part Time'),('360321','odagv18','T7ZBBI','2016-01-02 00:00:00','8.843258042436688','PM','1','1','Part Time'),('361280','kwurv03','4Y0A39','2019-10-06 00:00:00','5.084188911704312','PM','0','0','Full Time'),('361991','xrhplx13','QJLZOR','2018-02-14 00:00:00','6.72416153319644','PM','1','0','PRN'),('371337','cjyaen08','0DM8QC','2021-09-02 00:00:00','3.1759069130732374','AM','0','0','Part Time'),('374038','pake20','8BWO1P','2018-04-16 00:00:00','6.5571526351813825','AM','0','1','Part Time'),('375427','djikac13','L5MKF6','2019-07-15 00:00:00','5.3114305270362765','PM','1','1','Full Time'),('380178','dyqxx09','BDNRKI','2020-01-07 00:00:00','4.829568788501026','PM','0','1','Full Time'),('380934','nvegd11','CX6IRC','2018-06-28 00:00:00','6.357289527720739','AM','0','1','Part Time'),('391512','atljrk10','VKC6B4','2021-03-08 00:00:00','3.6632443531827517','AM','1','0','Full Time'),('392394','hugjqo15','VX0ZL6','2024-01-26 00:00:00','0.7775496235455168','PM','1','0','PRN'),('401231','zlvqyc17','AYTECB','2021-03-16 00:00:00','3.6413415468856947','PM','0','0','Full Time'),('403026','vkfiyh05','BQ7J52','2016-02-01 00:00:00','8.761122518822724','PM','0','1','Part Time'),('409886','ieozlr13','TTPJ9Y','2019-06-17 00:00:00','5.388090349075975','PM','0','0','Full Time'),('415512','wjnafi12','MPJAKL','2019-08-31 00:00:00','5.1827515400410675','PM','1','0','Full Time'),('419712','xdkgh15','Y6G5H1','2024-01-18 00:00:00','0.7994524298425736','AM','0','1','Full Time'),('419773','besmdu04','Z0EGRB','2019-05-10 00:00:00','5.492128678986996','PM','0','0','Part Time'),('420848','jyzxyt02','ABDP4Y','2015-12-27 00:00:00','8.85968514715948','PM','1','1','PRN'),('429342','sbucua18','CFGQK0','2015-06-23 00:00:00','9.371663244353183','PM','0','0','Full Time'),('429910','vqhjyz19','WOG5FF','2020-05-30 00:00:00','4.435318275154004','PM','0','0','Full Time'),('434974','tptirx04','KIQL9D','2023-09-07 00:00:00','1.163586584531143','AM','1','1','Full Time'),('439791','xrmr20','LGYGPA','2020-04-18 00:00:00','4.550308008213553','PM','1','1','Full Time'),('440012','ukddva06','LT67XZ','2015-01-02 00:00:00','9.842573579739904','PM','0','0','Full Time'),('447156','ozmuar14','I8C43I','2019-10-26 00:00:00','5.02943189596167','PM','1','0','Full Time'),('448160','thyxr08','VQN9QO','2023-01-12 00:00:00','1.8151950718685832','PM','0','0','Part Time'),('455075','ldzztr01','4AW0OB','2020-12-08 00:00:00','3.909650924024641','PM','0','1','Part Time'),('456416','envmjw02','42OAIQ','2018-05-06 00:00:00','6.50239561943874','PM','0','1','Full Time'),('462042','gicdwz16','IZ06ZN','2021-05-01 00:00:00','3.515400410677618','AM','0','0','Full Time'),('464397','xmjhyi13','7VKTDC','2019-06-25 00:00:00','5.366187542778919','AM','1','1','Full Time'),('479283','smazn13','7HZ017','2020-06-23 00:00:00','4.369609856262834','PM','1','0','Full Time'),('483739','czqnnj03','EAQY3E','2022-11-27 00:00:00','1.9411362080766599','PM','0','1','Full Time'),('489756','rdqi12','ZB74J3','2017-10-19 00:00:00','7.047227926078029','AM','1','1','Part Time'),('490271','gtadtp04','7S0VLH','2018-04-30 00:00:00','6.5188227241615335','AM','0','1','Full Time'),('495513','oima18','HDDR4H','2015-08-02 00:00:00','9.262149212867898','AM','0','0','Full Time'),('497286','hmuifa11','V7V86F','2018-09-03 00:00:00','6.1738535249828885','AM','0','0','Full Time'),('503263','bmsxsa16','X7W5FI','2021-03-30 00:00:00','3.6030116358658453','PM','1','0','Full Time'),('517017','vjvbpp15','LLM946','2016-04-21 00:00:00','8.542094455852157','AM','1','1','Full Time'),('524259','lysiua15','4AC1H9','2019-06-03 00:00:00','5.426420260095825','PM','1','1','Full Time'),('530197','ufyhdd07','X7QM3M','2015-04-04 00:00:00','9.59069130732375','PM','0','1','Full Time'),('541331','najjyc02','JGYZXC','2022-02-13 00:00:00','2.726899383983573','AM','1','0','PRN'),('549704','rgkde11','FQUPH3','2015-08-08 00:00:00','9.245722108145106','AM','1','0','Part Time'),('552809','vhzfsa09','69ZVHV','2017-06-04 00:00:00','7.422313483915127','PM','0','0','Full Time'),('560392','ekqbvi11','LHQ2C0','2021-11-23 00:00:00','2.951403148528405','AM','1','0','Full Time'),('561336','liqeio17','XCRVGR','2014-12-26 00:00:00','9.86173853524983','PM','1','1','Full Time'),('561515','bkfgiz02','B95AXE','2015-04-06 00:00:00','9.585215605749486','AM','1','0','Full Time'),('568038','wwrzet19','DUQ453','2021-10-02 00:00:00','3.0937713894592744','AM','0','1','Full Time'),('570296','kpahmk15','NUHTC4','2015-11-25 00:00:00','8.947296372347708','AM','1','0','Full Time'),('570841','pjvase16','C0C1QV','2017-05-09 00:00:00','7.493497604380561','AM','1','0','PRN'),('574844','jtxx10','CA467D','2016-12-06 00:00:00','7.915126625598905','AM','0','0','Full Time'),('575024','tthnnt03','5ZMTOP','2021-04-08 00:00:00','3.578370978781656','AM','1','1','Full Time'),('580141','ybaf09','Q3C5OW','2015-01-13 00:00:00','9.81245722108145','PM','1','1','Part Time'),('580939','ufujar06','7E6W4B','2022-12-12 00:00:00','1.9000684462696784','AM','1','0','Full Time'),('583293','vbohab06','TONS40','2017-07-23 00:00:00','7.2881587953456535','PM','0','1','Part Time'),('585711','hklbn20','LVM9IU','2018-05-10 00:00:00','6.491444216290212','PM','1','1','Full Time'),('593520','qlubz02','57YQJJ','2019-03-04 00:00:00','5.675564681724846','AM','1','0','Full Time'),('596915','dvtwgg09','SW8XIH','2021-09-29 00:00:00','3.1019849418206706','PM','0','1','Full Time'),('599920','gvdegs19','CHCZNW','2024-04-29 00:00:00','0.5201916495550992','AM','0','1','Full Time'),('600895','vdmsvl20','THZBKM','2022-04-17 00:00:00','2.5544147843942504','PM','0','1','Full Time'),('603589','zkhmlx05','40R7HB','2019-02-17 00:00:00','5.716632443531828','PM','0','0','Full Time'),('603765','hlsorf04','J1GGJ0','2022-02-26 00:00:00','2.6913073237508556','PM','1','0','Full Time'),('608744','efcjjg11','X96ELR','2022-03-19 00:00:00','2.6338124572210813','AM','1','1','Full Time'),('623137','kbnbgy02','M11WZ7','2015-07-07 00:00:00','9.333333333333334','AM','0','0','Part Time'),('629621','mwjisv18','90IGHX','2017-04-27 00:00:00','7.526351813826146','AM','1','0','Full Time'),('630367','sirfqn08','8KKUOB','2014-11-17 00:00:00','9.96851471594798','AM','0','0','Full Time'),('632417','dezidm05','UKMEF9','2017-11-07 00:00:00','6.995208761122519','AM','1','1','Full Time'),('640302','zsdkql13','H9S6OS','2024-10-17 00:00:00','0.05201916495550993','AM','1','1','Part Time'),('645118','avktvw01','KMEWY2','2020-03-16 00:00:00','4.640657084188912','PM','1','0','Full Time'),('647672','jqpamr10','VDDG5A','2022-09-17 00:00:00','2.135523613963039','AM','1','1','Full Time'),('653278','llso20','FR919U','2019-06-09 00:00:00','5.409993155373032','AM','0','1','Full Time'),('655282','knuwfg20','49IJIY','2020-02-29 00:00:00','4.684462696783025','AM','0','1','Full Time'),('665558','nbpvki18','G24AEY','2020-09-22 00:00:00','4.120465434633813','AM','1','1','Full Time'),('666922','zezbnh16','3GQMES','2016-02-24 00:00:00','8.698151950718685','AM','1','1','Full Time'),('667049','qbly07','T21U4Q','2021-05-21 00:00:00','3.460643394934976','AM','0','0','Full Time'),('667158','osjjlv20','GW4MA2','2021-09-28 00:00:00','3.1047227926078027','AM','0','1','Full Time'),('672602','cicrbc10','59LK7T','2018-12-15 00:00:00','5.891854893908282','AM','0','1','Part Time'),('679510','lcwmwy16','X09LLP','2024-01-24 00:00:00','0.783025325119781','AM','1','0','PRN'),('685031','psyubf20','ZLOQ6D','2018-10-31 00:00:00','6.015058179329227','PM','1','0','Full Time'),('687397','gueqsb17','WC8M1L','2019-06-09 00:00:00','5.409993155373032','AM','1','1','Full Time'),('693604','egmist18','IHLK5L','2016-09-25 00:00:00','8.112251882272416','PM','0','0','Full Time'),('696667','dhhac08','OZ3YUH','2021-12-28 00:00:00','2.855578370978782','AM','1','1','Full Time'),('703039','gcgtgy07','SFSSYZ','2017-12-04 00:00:00','6.921286789869952','AM','1','1','PRN'),('706696','litlvd17','FKZYEE','2018-07-22 00:00:00','6.291581108829569','AM','1','1','Full Time'),('711841','wxmqrd07','AP4MRN','2016-01-25 00:00:00','8.780287474332649','PM','1','1','Part Time'),('720759','alalvk11','GO0FZZ','2017-08-30 00:00:00','7.184120465434634','PM','1','0','PRN'),('722057','rgcylt11','4JRGPZ','2024-10-19 00:00:00','0.04654346338124572','PM','0','1','Full Time'),('723021','hruruf12','1V4I2I','2021-05-02 00:00:00','3.512662559890486','PM','1','0','Full Time'),('723454','czdxxd06','WIJ3I6','2020-11-25 00:00:00','3.9452429842573578','AM','1','1','Full Time'),('732397','rqffqs13','ZB2X8R','2015-12-06 00:00:00','8.917180013689254','AM','0','0','Full Time'),('736005','gyfnmn16','5IIF2B','2016-04-01 00:00:00','8.596851471594798','AM','1','1','Full Time'),('738631','djgjox12','CSST4H','2018-01-18 00:00:00','6.798083504449007','PM','0','1','PRN'),('739256','qiisl02','7C48LH','2021-11-18 00:00:00','2.965092402464066','PM','1','1','Part Time'),('750435','uwrcac10','Y3VFQN','2018-10-23 00:00:00','6.036960985626283','AM','1','1','PRN'),('755343','fghxvh10','W16C6U','2018-08-24 00:00:00','6.201232032854209','PM','0','1','Part Time'),('759295','rymd03','D8WICN','2023-06-22 00:00:00','1.374401095140315','AM','0','1','Full Time'),('760933','enphk16','CBB8SX','2021-12-20 00:00:00','2.8774811772758384','PM','0','1','PRN'),('774896','zjafrq11','KX7U2P','2019-03-01 00:00:00','5.683778234086242','PM','1','0','Full Time'),('777350','ezftgw16','HXJ64V','2023-10-26 00:00:00','1.0294318959616702','AM','1','0','Full Time'),('782586','wuahut13','6PDMZE','2018-10-06 00:00:00','6.083504449007529','AM','1','1','PRN'),('792710','wkqv14','45FABD','2017-09-22 00:00:00','7.121149897330596','AM','1','1','Part Time'),('795697','ofxajw20','SL0VX1','2014-11-08 00:00:00','9.99315537303217','AM','0','0','Full Time'),('800766','uimvde20','ACQU8P','2015-08-10 00:00:00','9.240246406570842','AM','1','1','Part Time'),('814958','igxjnm06','Y6GXCL','2020-05-15 00:00:00','4.476386036960986','AM','0','0','Part Time'),('819627','caat05','KQKZ60','2017-06-02 00:00:00','7.427789185489391','PM','1','1','Part Time'),('820875','ntpt05','8GIPJR','2023-04-27 00:00:00','1.5277207392197125','AM','0','1','Full Time'),('823072','ewmmhv07','5KDZ86','2023-09-16 00:00:00','1.1389459274469542','PM','1','1','Full Time'),('836844','vedzml12','ILRU11','2018-12-14 00:00:00','5.894592744695414','PM','0','1','Full Time'),('844803','mvzbaq20','W8GPJ1','2024-08-31 00:00:00','0.1806981519507187','AM','1','1','Full Time'),('845413','qlapis12','BTK9Q7','2023-10-06 00:00:00','1.0841889117043122','AM','1','1','Part Time'),('849821','ivqyjd11','SXK1CP','2019-01-21 00:00:00','5.790554414784395','AM','0','0','Full Time'),('853904','nunhpp11','DSW64N','2015-07-13 00:00:00','9.316906228610542','AM','0','1','Full Time'),('857594','stkvkl13','C3Q5ON','2016-11-25 00:00:00','7.945242984257358','PM','1','0','Full Time'),('858725','oekjlw20','Y011X6','2019-09-30 00:00:00','5.100616016427105','AM','0','1','PRN'),('862852','zfgnx06','V8NTL1','2017-12-01 00:00:00','6.929500342231348','PM','1','0','Full Time'),('865007','ydtgg09','EYTIK8','2016-05-27 00:00:00','8.4435318275154','PM','1','0','Full Time'),('867608','uysaja01','DY4UFY','2017-12-24 00:00:00','6.86652977412731','PM','0','0','Part Time'),('880640','lmwfiz03','540VV2','2015-01-04 00:00:00','9.83709787816564','PM','1','1','PRN'),('882141','qccpeb09','1PGQ3N','2015-01-22 00:00:00','9.787816563997263','AM','1','1','Full Time'),('885707','ados07','0922UV','2021-07-23 00:00:00','3.2881587953456535','PM','0','1','PRN'),('898522','kgcw17','UQ1521','2017-01-22 00:00:00','7.786447638603696','PM','0','1','Full Time'),('900719','cvbdvf18','9J5JUD','2021-07-12 00:00:00','3.3182751540041067','PM','0','0','Part Time'),('903267','mxqudi19','F3Z6GF','2017-11-30 00:00:00','6.93223819301848','AM','1','0','Full Time'),('910019','cyztlu17','PBG1FL','2015-01-28 00:00:00','9.77138945927447','AM','0','1','Full Time'),('911790','syvdvm19','0DOVHF','2021-01-23 00:00:00','3.783709787816564','AM','1','0','Full Time'),('923231','werrnr01','2ZXS8T','2022-07-02 00:00:00','2.346338124572211','AM','0','1','PRN'),('923827','kiyvbe16','6I984Y','2019-04-18 00:00:00','5.552361396303901','PM','1','1','Full Time'),('925913','yfgarc04','289BIA','2016-10-21 00:00:00','8.041067761806982','AM','0','1','Part Time'),('938007','rgqtdp20','EY04R9','2016-07-09 00:00:00','8.32580424366872','PM','0','0','Full Time'),('944726','jblkwk08','PTP8G3','2020-08-26 00:00:00','4.1943874058863795','AM','0','0','PRN'),('947319','ozvq12','INKL50','2018-12-16 00:00:00','5.88911704312115','AM','1','0','PRN'),('950031','lgyli05','DB97WH','2023-02-07 00:00:00','1.7440109514031485','AM','0','0','Full Time'),('956904','fetfv11','34KWOR','2017-06-27 00:00:00','7.359342915811088','AM','1','0','PRN'),('960902','iadiup10','4GCD1Q','2016-03-05 00:00:00','8.670773442847365','PM','0','1','Part Time'),('960936','ziorgr05','QRG90A','2016-06-04 00:00:00','8.421629021218344','PM','1','0','Full Time'),('963720','lgtud08','GZJZT2','2019-11-21 00:00:00','4.958247775496235','PM','1','1','Part Time'),('968255','hezclu20','ATDCU9','2016-03-11 00:00:00','8.654346338124572','PM','1','0','Full Time'),('969037','nlzygb09','EKQ67Q','2021-12-20 00:00:00','2.8774811772758384','AM','1','0','Full Time'),('969526','aubspk07','NHPWDL','2020-06-04 00:00:00','4.421629021218344','PM','1','0','Full Time'),('969916','jnsngg03','0BPBSA','2022-11-22 00:00:00','1.9548254620123204','PM','0','0','Full Time'),('991937','lqekkt17','JFYA03','2023-12-19 00:00:00','0.8815879534565366','PM','0','1','Full Time'),('997949','fdvvfy13','WPQIRH','2016-07-31 00:00:00','8.265571526351813','AM','0','1','Full Time');
/*!40000 ALTER TABLE `workplace_info` ENABLE KEYS */;
--UNLOCK TABLES;

--
-- Dumping routines for database 'nurses'
--
/*!40103 SET TIME_ZONE=@OLD_TIME_ZONE */;

/*!40101 SET SQL_MODE=@OLD_SQL_MODE */;
/*!40014 SET FOREIGN_KEY_CHECKS=@OLD_FOREIGN_KEY_CHECKS */;
/*!40014 SET UNIQUE_CHECKS=@OLD_UNIQUE_CHECKS */;
/*!40101 SET CHARACTER_SET_CLIENT=@OLD_CHARACTER_SET_CLIENT */;
/*!40101 SET CHARACTER_SET_RESULTS=@OLD_CHARACTER_SET_RESULTS */;
/*!40101 SET COLLATION_CONNECTION=@OLD_COLLATION_CONNECTION */;
/*!40111 SET SQL_NOTES=@OLD_SQL_NOTES */;

-- Dump completed on 2024-11-08 10:35:02
